{
    "action_inputs": [
        {
            "allow_multiple": false,
            "available_all_servers": false,
            "description": null,
            "field_dependency_controlling_set": [],
            "field_dependency_dependent_set": [],
            "global_options": [],
            "hide_if_default_value": true,
            "id": "CF-w8dal13g",
            "label": "Param Value",
            "name": "param_value",
            "placeholder": null,
            "relevant_osfamilies": [],
            "required": true,
            "show_as_attribute": false,
            "show_on_servers": false,
            "type": "STR",
            "value_pattern_string": null
        }
    ],
    "description": "",
    "id": "OHK-6s9jlq2z",
    "last_updated": "2024-02-12",
    "max_retries": 0,
    "maximum_version_required": "",
    "minimum_version_required": "8.6",
    "name": "Overwrite Hostname",
    "resource_technologies": [],
    "script_filename": "add_param_to_all_servers_9.py",
    "shared": true,
    "target_os_families": [],
    "type": "CloudBolt Plug-in"
}