{
    "any_group_can_deploy": true,
    "auto_historical_resources": false,
    "blueprint_image": null,
    "deployment_items": [
        {
            "all_environments_enabled": false,
            "allowed_os_families": null,
            "applications": null,
            "deploy_seq": 1,
            "description": null,
            "environment_selection_orchestration": null,
            "execute_in_parallel": false,
            "hostname_template": "",
            "id": "BDI-angjqpou",
            "name": null,
            "os_build": null,
            "restrict_applications": false,
            "show_on_order_form": false,
            "tier_type": "server"
        },
        {
            "action_name": "test",
            "continue_on_failure": false,
            "deploy_seq": 2,
            "description": null,
            "enabled": true,
            "execute_in_parallel": false,
            "id": "BDI-u23s2xqw",
            "name": "test",
            "run_on_scale_up": true,
            "show_on_order_form": false,
            "tier_type": "script"
        },
        {
            "action_name": "Overwrite Hostname",
            "continue_on_failure": false,
            "deploy_seq": 3,
            "description": null,
            "enabled": true,
            "execute_in_parallel": false,
            "id": "BDI-6y3ffsvq",
            "name": "Overwrite Hostname",
            "run_on_scale_up": true,
            "show_on_order_form": false,
            "tier_type": "plugin"
        }
    ],
    "description": "",
    "favorited": false,
    "id": "BP-nqpvc9y5",
    "is_manageable": true,
    "is_orderable": true,
    "labels": [],
    "last_updated": "2024-02-12",
    "management_actions": [],
    "maximum_version_required": "",
    "minimum_version_required": "8.6",
    "name": "Vcenter Linux",
    "resource_name_template": null,
    "resource_type": {
        "icon": "",
        "id": "RT-24r3j65u",
        "label": "Service",
        "lifecycle": "ACTIVE",
        "list_view_columns": [],
        "name": "service",
        "plural_label": null
    },
    "sequence": 0,
    "show_recipient_field_on_order_form": false,
    "teardown_items": []
}